Adm_no,Name,Father_Name,Mother_Name,Gender,House,Tra_Mode,Class,PhNo
2033,Mohan Khan,Yash Jain,Meenakshi Khan,Male,Blue,Self,5,7174111605
2044,Isha Roy,Salman Roy,Kavita Singh,Female,Green,Van,11,7316407480
2092,Isha Jain,Suresh Singh,Sushma Singh,Female,Red,Bus,7,6870033698
2098,Mohan Gupta,Rajesh Jain,Ayesha Gupta,Male,Yellow,Bus,8,6212242217
2103,Isha Patel,Amit Das,Sushma Sharma,Female,Red,Self,12,9937838368
2108,Ria Patel,Suresh Verma,Savita Gupta,Female,Yellow,Bus,Nursery,8256707414
2137,Rehan Das,Vijay Sharma,Pooja Das,Male,Green,Van,1,8122548064
2194,Jay Mehta,Manoj Khan,Rekha Khan,Male,Blue,Self,6,6229876043
2292,Priya Singh,Rohit Patel,Nandini Patel,Female,Green,Van,9,8131046165
2292,Rehan Verma,Manoj Mehta,Sushma Khan,Male,Green,Bus,10,7171449721
2323,Isha Verma,Vijay Sharma,Sushma Mehta,Female,Yellow,Bus,6,8376443651
2357,Sara Verma,Rakesh Sharma,Kiran Singh,Female,Yellow,Self,5,7607595411
2377,Sara Khan,Naveen Verma,Anjali Verma,Female,Green,Bus,4,6561226531
2424,Kabir Das,Ajay Jain,Anita Jain,Male,Yellow,Van,8,6423807529
2443,Ria Khan,Vikram Verma,Meenakshi Gupta,Female,Green,Self,3,6448058488
2447,Dev Jain,Salman Roy,Ritu Sharma,Male,Blue,Van,9,9134712991
2450,Arjun Singh,Naveen Jain,Kiran Roy,Male,Blue,Van,7,7157456868
2464,Mohan Roy,Vijay Roy,Sita Jain,Male,Yellow,Self,6,8377132419
2487,Arjun Singh,Rohit Verma,Meera Gupta,Male,Blue,Bus,3,8795502576
2507,Rehan Das,Ajay Verma,Preeti Sharma,Male,Blue,Self,4,9411542116
2511,Kabir Sharma,Dev Roy,Sita Gupta,Male,Red,Van,6,8190390757
2549,Dev Khan,Gopal Singh,Ritu Gupta,Male,Yellow,Van,4,9594034614
2553,Vivaan Verma,Vikram Roy,Sunita Patel,Male,Green,Self,4,7108645714
2594,Kabir Roy,Rohit Khan,Anita Patel,Male,Yellow,Van,1,6241799741
2648,Dev Mehta,Ajay Sharma,Preeti Patel,Male,Blue,Van,1,7982796410
2675,Aditi Das,Rajesh Khan,Radha Patel,Female,Green,Van,6,8362493330
2701,Sanya Khan,Rajesh Jain,Ayesha Jain,Female,Blue,Bus,7,9188643944
2719,Neha Roy,Salman Gupta,Rekha Mehta,Female,Yellow,Bus,8,8357475607
2759,Kabir Gupta,Arjun Roy,Kavita Patel,Male,Blue,Self,1,6632908337
2764,Simran Jain,Sudhir Jain,Lata Sharma,Female,Blue,Self,12,9119677876
2768,Simran Singh,Rakesh Gupta,Anita Khan,Female,Red,Van,12,7543466525
2772,Ria Das,Vijay Singh,Pooja Khan,Female,Blue,Van,3,8263472654
2812,Sara Patel,Salman Jain,Meera Jain,Female,Red,Van,10,7708424430
2821,Kabir Verma,Arjun Mehta,Shobha Verma,Male,Green,Van,10,6119469949
2853,Simran Verma,Deepak Singh,Ayesha Sharma,Female,Red,Bus,5,9988294867
2882,Priya Singh,Rohit Singh,Radha Das,Female,Red,Van,12,7856391502
2888,Rohan Das,Gopal Sharma,Nandini Sharma,Male,Yellow,Bus,2,8971064227
2897,Simran Gupta,Sanjay Gupta,Kavita Mehta,Female,Yellow,Van,7,8119734647
2921,Neha Jain,Sanjay Verma,Pooja Sharma,Female,Yellow,Self,5,7070570637
2945,Arjun Sharma,Naveen Sharma,Rekha Sharma,Male,Red,Van,5,9653693133
2946,Arjun Das,Vijay Khan,Shobha Patel,Male,Green,Bus,12,6089388780
2949,Rehan Gupta,Vijay Khan,Rekha Verma,Male,Red,Bus,7,7059112340
2952,Isha Verma,Manoj Khan,Pooja Mehta,Female,Yellow,Self,12,7336414595
2959,Mohan Roy,Rohit Roy,Meenakshi Mehta,Male,Green,Bus,11,9683310409
3000,Priya Gupta,Rajesh Patel,Radha Patel,Female,Green,Self,3,8530364065
3002,Vivaan Jain,Rakesh Sharma,Sunita Roy,Male,Red,Bus,12,7300780154
3004,Sanya Singh,Ajay Roy,Rekha Verma,Female,Yellow,Bus,7,7548122048
3013,Sanya Roy,Gopal Singh,Meera Jain,Female,Green,Self,1,6493064322
3047,Dev Gupta,Rajesh Mehta,Kiran Gupta,Male,Green,Van,1,8438186013
3056,Aarav Verma,Deepak Khan,Anita Gupta,Male,Green,Bus,7,7063747393
3063,Lakshmi Mehta,Manoj Roy,Kiran Singh,Female,Yellow,Bus,5,8916161413
3092,Dev Das,Dev Roy,Geeta Jain,Male,Red,Bus,2,8862036329
3096,Mohan Sharma,Rajesh Mehta,Preeti Roy,Male,Red,Self,2,8103321906
3132,Kabir Mehta,Rajesh Roy,Lata Roy,Male,Red,Bus,4,7691935136
3167,Anaya Patel,Ajay Gupta,Geeta Gupta,Female,Red,Van,Nursery,9265098176
3168,Ria Singh,Salman Singh,Nandini Sharma,Female,Red,Bus,9,7242476375
3209,Ria Khan,Prakash Mehta,Preeti Roy,Female,Yellow,Self,3,7406567209
3232,Dev Khan,Suraj Khan,Anjali Gupta,Male,Yellow,Self,6,6367290447
3237,Sara Verma,Manoj Singh,Savita Gupta,Female,Green,Self,8,8637872811
3285,Arjun Gupta,Gopal Das,Anjali Gupta,Male,Green,Bus,8,7204266953
3338,Vivaan Jain,Suresh Khan,Kiran Das,Male,Green,Self,11,8889851904
3367,Priya Gupta,Suraj Verma,Sunita Singh,Female,Blue,Bus,3,6056406616
3374,Priya Jain,Sudhir Das,Anjali Verma,Female,Blue,Self,8,8272901131
3440,Arjun Mehta,Ajay Jain,Preeti Verma,Male,Blue,Van,10,8483587924
3483,Rehan Patel,Suraj Patel,Pooja Mehta,Male,Yellow,Van,12,8981672324
3502,Isha Jain,Vikram Verma,Anjali Jain,Female,Blue,Self,7,6077112044
3533,Jay Khan,Manoj Das,Meenakshi Sharma,Male,Blue,Bus,6,9940158345
3571,Priya Khan,Vikram Jain,Ritu Gupta,Female,Red,Bus,5,8985274310
3580,Neha Jain,Vikram Gupta,Pooja Mehta,Female,Green,Van,10,6722946661
3594,Priya Jain,Sanjay Das,Kiran Mehta,Female,Red,Bus,4,6935767342
3594,Rehan Roy,Sanjay Singh,Lata Khan,Male,Yellow,Self,4,6858781365
3600,Anaya Jain,Rakesh Singh,Shobha Patel,Female,Green,Self,Nursery,7331340046
3635,Vivaan Singh,Dev Sharma,Ritu Khan,Male,Green,Bus,3,9383591300
3647,Anaya Verma,Prakash Das,Ritu Gupta,Female,Blue,Bus,3,6298413463
3660,Mohan Gupta,Rohit Khan,Kavita Mehta,Male,Yellow,Van,3,6529899342
3694,Simran Das,Suresh Singh,Nandini Khan,Female,Red,Van,9,6033255335
3769,Neha Patel,Dev Roy,Kiran Mehta,Female,Green,Van,2,7340072875
3771,Dev Patel,Sanjay Jain,Ayesha Jain,Male,Blue,Bus,6,7499671532
3799,Aditi Roy,Sanjay Patel,Radha Verma,Female,Yellow,Self,Nursery,8415793182
3816,Aditi Patel,Gopal Roy,Rekha Roy,Female,Green,Bus,5,8278855912
3826,Simran Roy,Sudhir Verma,Radha Sharma,Female,Blue,Bus,3,7635814877
3837,Kabir Singh,Gopal Das,Rekha Jain,Male,Red,Self,Nursery,9743834247
3861,Lakshmi Jain,Gopal Roy,Anjali Mehta,Female,Green,Self,7,9876948960
3875,Rehan Gupta,Amit Gupta,Pooja Roy,Male,Blue,Bus,11,8133822645
3884,Dev Roy,Sudhir Patel,Radha Singh,Male,Green,Self,2,8502107546
3897,Mohan Verma,Sudhir Patel,Lata Patel,Male,Yellow,Van,6,8256022733
3935,Rehan Roy,Sudhir Gupta,Ayesha Jain,Male,Blue,Self,9,7677565242
3942,Priya Verma,Vikram Singh,Pooja Verma,Female,Red,Bus,8,8434123562
3953,Arjun Sharma,Arjun Gupta,Geeta Mehta,Male,Yellow,Bus,3,9649561645
3998,Sara Singh,Naveen Sharma,Shobha Verma,Female,Blue,Van,7,7540723033
