Teach_ID,T_Name,Subject,Grade,Join_Year,Gender,Salary,Experience
1,Aditya Sharma,History,PGT,2005,Male,60000,16
2,Aishwarya Patel,Social Science,PRT,2011,Female,30000,9
3,Anjali Gupta,Mathematics,PGT,2023,Female,60000,1
4,Arun Kumar,Art,NTT,2020,Male,18000,3
5,Bhavya Singh,English,TGT,2017,Female,40000,14
6,Chandrika Menon,Music,NTT,2019,Female,28000,13
7,Deepak Nair,Art,TGT,2012,Male,30000,3
8,Divya Rao,Music,PRT,2009,Female,27000,14
9,Gaurav Iyer,Art,PGT,2022,Male,40000,2
10,Hema Reddy,Mathematics,TGT,2003,Female,40000,7
11,Ishita Roy,Social Studies,PRT,2005,Female,30000,8
12,Jai Sen,Phsyics,PGT,2012,Male,60000,17
13,Kamal Sharma,Music,PRT,2000,Male,35000,3
14,Kriti Patel,Science,NTT,2015,Female,25000,8
15,Madhu Gupta,English,PRT,2001,Female,35000,13
16,Naman Kumar,Dance,NTT,2015,Male,28000,7
17,Priya Singh,IT,TGT,2002,Female,45000,12
18,Rahul Menon,Music,NTT,2013,Male,20000,12
19,Shruti Nair,Games,NTT,2001,Female,25000,16
20,Tanmay Iyer,GK,NTT,2020,Male,17000,18
21,Urmila Reddy,Science,TGT,2008,Female,40000,19
22,Vaibhav Roy,Science,PRT,2019,Male,35000,12
23,Yash Sen,English,NTT,2020,Male,22000,14
24,Aakash Sharma,Hindi,NTT,2006,Male,25000,8
25,Anusha Patel,Chemistry,PGT,2015,Female,65000,7
26,Bharat Gupta,Games,TGT,2001,Male,45000,1
27,Chaitanya Kumar,English,TGT,2007,Male,40000,10
28,Deepika Singh,Physical Education,PGT,2001,Female,55000,2
29,Eesha Menon,Art,NTT,2014,Female,18000,11
30,Gagan Nair,Science,TGT,2006,Male,45000,16
31,Harshal Iyer,Art,TGT,2008,Male,50000,18
32,Ishan Reddy,Hindi,TGT,2007,Male,35000,7
33,Jyoti Roy,Emglish,NTT,2019,Female,25000,12
34,Karthik Sen,Hindi,NTT,2004,Male,28000,4
35,Meera Sharma,Sanskrit,PRT,2008,Female,35000,9
36,Nikhil Patel,English,NTT,2015,Male,20000,15
37,Pranav Gupta,Music,PRT,2012,Male,40000,20
38,Rashi Jangid,Games,NTT,2000,Female,22000,10
39,Saurabh Singh,IT,TGT,2009,Male,45000,8
40,Tanvi Menon,IP,PGT,2022,Female,60000,11
41,Uday Nair,Social Science,TGT,2001,Male,50000,9
42,Varun Iyer,Science,PRT,2011,Male,30000,1
43,Aditi Reddy,Music,TGT,2011,Female,40000,19
44,Ananya Roy,Science,PRT,2000,Female,30000,18
45,Bindu Sen,Science,TGT,2005,Female,45000,7
46,Chirag Sharma,English,NTT,2014,Male,50000,5
47,Dinesh Patel,Geography,NTT,2005,Male,40000,2
48,Ekta Gupta,Social Studies,PRT,2005,Female,35000,18
49,Gopi Kumar,English,PRT,2005,Male,38000,15
50,Harsha Singh,Games,NTT,2006,Female,26000,15
51,Ira Menon,Computer,PRT,2009,Female,30000,12
52,Jagan Nair,Games,NTT,2018,Male,20000,14
53,Karuna Iyer,IT,TGT,2022,Male,45000,15
54,Lalit Reddy,Hindi,TGT,2019,Male,40000,11
55,Madhuri Roy,Sanskrit,PRT,2022,Female,35000,5
56,Naveen Sen,Hindi,PGT,2024,Male,65000,3
57,Parul Sharma,Computer,PRT,2022,Female,38000,6
58,Qasim Patel,Physical Education,PGT,2015,Male,70000,3
59,Raghav Gupta,Hindi,TGT,2011,Male,40000,9
60,Simran Singh,English,TGT,2015,Female,45000,8
61,Tarun Singh,Music,PRT,2023,Male,40000,7
62,Usha Menon,Music,TGT,2009,Female,50000,4
63,Vikram Nair,Music,NTT,2010,Male,28000,15
64,Yuvraj Iyer,Art,TGT,2011,Male,45000,3
65,Amita Reddy,Music,PGT,2014,Female,60000,2
66,Anuj Roy,Dance,PRT,2016,Male,40000,4
67,Bhavesh Sen,Yoga,PGT,2018,Male,70000,2
68,Chandan Sharma,Yoga,PRT,2024,Male,35000,3
69,Dev Patel,Games,PRT,2022,Male,32000,14
70,Esha Gupta,Hindi,TGT,2023,Female,45000,2
71,Gautam Kumar,English,PGT,2018,Male,50000,6
72,Harshit Singh,Geography,NTT,2021,Male,20000,15
73,Iravat Menon,Social Studies,PRT,2012,Male,35000,2
74,Jayant Nair,Social Science,TGT,2014,Male,48000,20
75,Kartik Iyer,Geography,PGT,2013,Male,58000,10
76,Manish Reddy,Science,TGT,2015,Male,45000,15
77,Nivedita Roy,Mathematics,PRT,2010,Female,30000,4
78,Pranjal Sen,Mathematics,NTT,2021,Female,28000,15
79,Rajeev Sharma,History,PGT,2024,Male,50000,11
80,Shivani Patel,Science,NTT,2020,Female,17000,2
81,Manisha Tekwani,English,PRT,2010,Female,40000,14
82,Manish Ramchandani,Mathematics,TGT,2022,Male,54800,15
